<sxs>
    <scene root="root" axis_length="5"/>

    <views default="perspectiveCamera">
        <perspective id="perspectiveCamera" near="0.1" far="500" angle="45">
            <from x="15" y="10" z="15" />
            <to x="0" y="0" z="0" />
        </perspective>
        <perspective id="RooftopCamera" near="0.01" far="500" angle="45">
            <from x="9.5" y="4.2" z="-6.1" />
            <to x="9.3" y="4.1" z="-5.95" />
        </perspective>
        <perspective id="RiverSideCamera" near="0.01" far="500" angle="45">
            <from x="3.5" y="0.2" z="-0.9" />
            <to x="3.4" y="0.2" z="-1" />
        </perspective>
        <ortho id="frontCamera" near="0.1" far="500" left="-12" right="12" top="6.75" bottom = "-6.75">
            <from x="0" y= "3" z="15"/>
            <to x="0" y="3" z = "14"/>
            <up x="0" y="1" z="0"/>
        </ortho>
        <ortho id="sideCamera" near="0.1" far="500" left="-12" right="12" top="6.75" bottom = "-6.75">
            <from x="15" y= "3" z="0"/>
            <to x="14" y="3" z = "0"/>
            <up x="0" y="1" z="0"/>
        </ortho>
        <ortho id="topCamera" near="0.1" far="500" left="-21.3" right="21.3" top="12" bottom = "-12">
            <from x="0" y= "15" z="0"/>
            <to x="0" y="14" z = "0"/>
            <up x="0" y="0" z="-1"/>
        </ortho>
        <ortho id="isometric" near="0.1" far="500" left="-15" right="15" top="8.5" bottom = "-8.5">
            <from x="15" y= "10" z="15"/>
            <to x="0" y="0" z = "0"/>
            <up x="-1" y="0" z="-1"/>
        </ortho>
    </views>

    <ambient>
        <ambient r="0.2" g="0.2" b="0.2" a="1.0" />
        <background r="0.5" g="0.8" b="1" a="1.0" />
    </ambient>

    <lights>
        <omni id="Sun" enabled="1">
            <location x="10" y="10" z="10" w="1" />
            <ambient r="0" g="0" b="0" a="1.0" />
            <diffuse r="1.0" g="1.0" b="1.0" a="1.0" />
            <specular r="1.0" g="1.0" b="1.0" a="1.0" />
        </omni>
        <spot id="sunSpot" enabled="1" angle="90" exponent="40">
            <location x="-0.5" y="3" z="-8.5" w="1" />
            <target x="-0.5" y="3" z="-7.5" />
            <ambient r="0.5" g="0.5" b="0.4" a="1.0" />
            <diffuse r="1" g="1" b="1" a="1.0" />
            <specular r="0" g="0" b="0" a="1.0" />
            <attenuation constant="0" linear="10" quadratic="0" />
        </spot><!--
        <spot id="flashlight" enabled="1" angle="30" exponent="40">
            <location x="3.5" y="0.2" z="-0.9" w="1" />
            <target x="3.5" y="0" z="-2.5" />
            <ambient r="0.5" g="0.5" b="0.4" a="1.0" />
            <diffuse r="0.5" g="0.5" b="0.4" a="1.0" />
            <specular r="0" g="0" b="0" a="1.0" />
            <attenuation constant="1" linear="10" quadratic="1" />
        </spot>-->
    </lights>

    <textures>
        <texture id="concreteTexture" file="scenes/images/bank.jpg" />
        <texture id="waterTexture" file="scenes/images/water.jpg" />
        <texture id="grassTexture" file="scenes/images/grass.jpg" />
        <texture id="windowsTexture" file="scenes/images/windows.jpg" />
        <texture id="cityTexture" file="scenes/images/city.jpg" />
        <texture id="skyTexture" file="scenes/images/sky.jpg" />
        <texture id="building" file="scenes/images/building.jpg" />
    </textures>

    <!-- To do: Varios materiais e variar emissividade ambient difuso e especular-->

    <materials>
        <material id="groundConcreteMaterial" shininess="10">
            <emission r="0.0" g="0.0" b="0.0" a="1.0" />
            <ambient r="0.25" g="0.25" b="0.25" a="1.0" />
            <diffuse r="0.5" g="0.5" b="0.5" a="1.0" />
            <specular r="0.1" g="0.1" b="0.1" a="0.0" />
        </material>
        <material id="groundGrassMaterial" shininess="10">
            <emission r="0.0" g="0.0" b="0.0" a="1.0" />
            <ambient r="0.1" g="0.1" b="0.1" a="1.0" />
            <diffuse r="0.2" g="1" b="0.2" a="1.0" />
            <specular r="0.1" g="0.1" b="0.1" a="0.0" />
        </material>
        <material id="waterMaterial" shininess="10">
            <emission r="0.0" g="0.0" b="0.0" a="1.0" />
            <ambient r="0" g="0" b="0.5" a="1.0" />
            <diffuse r="0.0" g="0.0" b="1.0" a="1.0" />
            <specular r="1" g="1" b="1" a="1.0" />
        </material>
        <material id="waterGrayMaterial" shininess="10">
            <emission r="0.0" g="0.0" b="0.0" a="1.0" />
            <ambient r="0.15" g="0.15" b="0.15" a="1.0" />
            <diffuse r="0.3" g="0.3" b="0.3" a="1.0" />
            <specular r="1" g="1" b="1" a="1.0" />
        </material>
        <material id="roadMaterial" shininess="10">
            <emission r="0.0" g="0.0" b="0.0" a="1.0" />
            <ambient r="0.1" g="0.1" b="0.1" a="1.0" />
            <diffuse r="0.05" g="0.05" b="0.05" a="1.0" />
            <specular r="0.1" g="0.1" b="0.1" a="0.0" />
        </material>
        
        
        <material id="buildingDefaultMaterial" shininess="10">
            <emission r="0.0" g="0.0" b="0.0" a="1.0" />
            <ambient r="0.4" g="0.4" b="0.4" a="1.0" />
            <diffuse r="0.8" g="0.8" b="0.8" a="1.0" />
            <specular r="0.1" g="0.1" b="0.1" a="0.0" />
        </material>
        <material id="buildingRedMaterial" shininess="10">
            <emission r="0.0" g="0.0" b="0.0" a="1.0" />
            <ambient r="0.3" g="0" b="0" a="1.0" />
            <diffuse r="0.9" g="0.7" b="0.7" a="1.0" />
            <specular r="0.1" g="0" b="0" a="0.0" />
        </material>
        <material id="buildingYellowMaterial" shininess="10">
            <emission r="0.0" g="0.0" b="0.0" a="1.0" />
            <ambient r="0.5" g="0.5" b="0" a="1.0" />
            <diffuse r="1" g="1" b="0.7 " a="1.0" />
            <specular r="0.1" g="0.1" b="0.1" a="0.0" />
        </material>
        <material id="buildingCyanMaterial" shininess="10">
            <emission r="0.0" g="0.0" b="0.0" a="1.0" />
            <ambient r="0" g="0.5" b="0.5" a="1.0" />
            <diffuse r="0.7" g="1" b="1" a="1.0" />
            <specular r="0.1" g="0.1" b="0.1" a="0.0" />
        </material>
        <material id="buildingOrangeMaterial" shininess="10">
            <emission r="0.0" g="0.0" b="0.0" a="1.0" />
            <ambient r="0.5" g="0.3" b="0" a="1.0" />
            <diffuse r="1" g="0.6" b="0" a="1.0" />
            <specular r="0.1" g="0.1" b="0.1" a="0.0" />
        </material>
        <material id="buildingPurpleMaterial" shininess="10">
            <emission r="0.0" g="0.0" b="0.0" a="1.0" />
            <ambient r="0.3" g="0" b="0.5" a="1.0" />
            <diffuse r="1" g="0.7" b="1" a="1.0" />
            <specular r="0.1" g="0.1" b="0.1" a="0.0" />
        </material>
        <material id="boatWindowMaterial" shininess="10">
            <emission r="0.0" g="0.0" b="0.0" a="1.0" />
            <ambient r="0.3" g="0.5" b="0.5" a="1.0" />
            <diffuse r="0.6" g="1" b="1" a="1.0" />
            <specular r="1" g="1" b="1" a="1.0" />
        </material>
        <material id="boatBodyBrownMaterial" shininess="10">
            <emission r="0.0" g="0.0" b="0.0" a="1.0" />
            <ambient r="0.25" g="0.15" b="0" a="1.0" />
            <diffuse r="0.5" g="0.3" b="0" a="1.0" />
            <specular r="1" g="1" b="1" a="1.0" />
        </material>
        <material id="boatBodyRedMaterial" shininess="10">
            <emission r="0.0" g="0.0" b="0.0" a="1.0" />
            <ambient r="0.5" g="0" b="0" a="1.0" />
            <diffuse r="1" g="0" b="0" a="1.0" />
            <specular r="1" g="1" b="1" a="1.0" />
        </material>
    </materials>

    <transformations>
        <!--<transformation id="demoTransform">
            <scale x="5" y="1" z="5" />
            <rotate axis="x" angle="-45" />
            <rotate axis="z" angle="-45" />
        </transformation>
        -->
    </transformations>

    <primitives>
        <primitive id="rectangle">
            <rectangle x1="-0.5" y1="-0.5" x2="0.5" y2="0.5" />
        </primitive>
        <primitive id="rectangle_patch">
            <patch degree_u="1" parts_u="4" degree_v="1" parts_v="4">
                <controlpoint x="-0.5" y="-0.5" z="0" />
                <controlpoint x="-0.5" y="0.5" z="0" />
                <controlpoint x="0.5" y="-0.5" z="0" />
                <controlpoint x="0.5" y="0.5" z="0" />
            </patch>
        </primitive>
        <primitive id="triangle">
            <triangle x1="0"  y1="0" z1="0" x2="0" y2="0" z2="1" x3 = "0" y3 = "1" z3="0" />
        </primitive>
        <primitive id="cylinder">
            <cylinder top = "0.5" base="0.5" height ="1" slices="100" stacks="10"/>
        </primitive>
        <primitive id="sphere">
            <sphere radius = "1" slices="100" stacks ="10"/>
        </primitive>
        <primitive id="torus">
            <torus outer = "0.5" inner="0.25" slices ="50" loops="50"/>
        </primitive>
        <primitive id="cone">
            <cylinder top = "0" base="0.5" height ="1" slices="100" stacks="10"/>
        </primitive>
        <primitive id="roofFrontPrimitive">
            <triangle x1="-0.5"  y1="0" z1="0.5" x2="0.5" y2="0" z2="0.5" x3 = "0" y3 = "0.5" z3="0" />
        </primitive>
        <primitive id="roofRightPrimitive">
            <triangle x1="0.5"  y1="0" z1="0.5" x2="0.5" y2="0" z2="-0.5" x3 = "0" y3 = "0.5" z3="0" />
        </primitive>
        <primitive id="roofBackPrimitive">
            <triangle x1="0.5"  y1="0" z1="-0.5" x2="-0.5" y2="0" z2="-0.5" x3 = "0" y3 = "0.5" z3="0" />
        </primitive>
        <primitive id="roofLeftPrimitive">
            <triangle x1="-0.5"  y1="0" z1="-0.5" x2="-0.5" y2="0" z2="0.5" x3 = "0" y3 = "0.5" z3="0" />
        </primitive>
        <primitive id="boatFront1">
            <triangle x1="-2.5"  y1="1" z1="-1" x2="-4" y2="1" z2="0" x3 = "-2.5" y3 = "1" z3="1" />
        </primitive>
        <primitive id="boatFront2">
            <triangle x1="-2.5"  y1="1" z1="1" x2="-4" y2="1" z2="0" x3 = "-2.5" y3 = "0" z3="1" />
        </primitive>
        <primitive id="boatFront3">
            <triangle x1="-2.5"  y1="1" z1="-1" x2="-2.5" y2="0" z2="-1" x3 = "-4" y3 = "1" z3="0" />
        </primitive>
        <primitive id="boatFront4">
            <triangle x1="-2.5"  y1="0" z1="1" x2="-4" y2="1" z2="0" x3 = "-2.5" y3 = "0" z3="-1" />
        </primitive>
        <primitive id="tent">
            <patch degree_u="2" parts_u="20" degree_v="1" parts_v="20">
                <controlpoint x="-2" y="-2" z="0" />
                <controlpoint x="-2" y="2" z="0" />
                <controlpoint x="0" y="-2" z="5" />
                <controlpoint x="0" y="2" z="5" />
                <controlpoint x="2" y="-2" z="0" />
                <controlpoint x="2" y="2" z="0" />
            </patch>
        </primitive>
        <primitive id="sideBarrel">
            <patch degree_u="3" parts_u="20" degree_v="2" parts_v="20">>                
                <controlpoint x="-3" y="-5" z="0" />
                <controlpoint x="-5" y="0" z="0" />
                <controlpoint x="-3" y="5" z="0" />
                <controlpoint x="-3" y="-5" z="4" />
                <controlpoint x="-5" y="0" z="6.667" />
                <controlpoint x="-3" y="5" z="4" />
                <controlpoint x="3" y="-5" z="4" />
                <controlpoint x="5" y="0" z="6.667" />
                <controlpoint x="3" y="5" z="4" />
                <controlpoint x="3" y="-5" z="0" />
                <controlpoint x="5" y="0" z="0" />
                <controlpoint x="3" y="5" z="0" />
            </patch>
        </primitive>
    </primitives>
    <animations>
        <keyframeanim id='testAnim'>
            <keyframe instant = "0">
                <translate x="0" y="0" z="0"/>
                <rotate axis="z" angle="0"/>
                <rotate axis="y" angle="0"/>
                <rotate axis="x" angle="0"/>
                <scale x="1" y="1" z="1"/>
            </keyframe>
            <keyframe instant = "1">
                <translate x="0" y="0" z="0"/>
                <rotate axis="z" angle="0"/>
                <rotate axis="y" angle="-90"/>
                <rotate axis="x" angle="0"/>
                <scale x="1" y="1" z="1"/>
            </keyframe>
            <keyframe instant = "2">
                <translate x="-15" y="-2" z="0"/>
                <rotate axis="z" angle="0"/>
                <rotate axis="y" angle="-90"/>
                <rotate axis="x" angle="0"/>
                <scale x="1" y="1" z="1"/>
            </keyframe>
             <keyframe instant = "3">
                <translate x="-30" y="0" z="0"/>
                <rotate axis="z" angle="0"/>
                <rotate axis="y" angle="-90"/>
                <rotate axis="x" angle="0"/>
                <scale x="1" y="1" z="1"/>
            </keyframe>
            <keyframe instant = "4">
                <translate x="-30" y="0" z="0"/>
                <rotate axis="z" angle="0"/>
                <rotate axis="y" angle="-180"/>
                <rotate axis="x" angle="0"/>
                <scale x="1" y="1" z="1"/>
            </keyframe>
            <keyframe instant = "5">
                <translate x="-30" y="0" z="-7"/>
                <rotate axis="z" angle="0"/>
                <rotate axis="y" angle="-180"/>
                <rotate axis="x" angle="0"/>
                <scale x="1" y="1" z="1"/>
            </keyframe>
            <keyframe instant = "6">
                <translate x="-30" y="1" z="-8"/>
                <rotate axis="z" angle="45"/>
                <rotate axis="y" angle="-180"/>
                <rotate axis="x" angle="0"/>
                <scale x="1" y="1" z="1"/>
            </keyframe>
            <keyframe instant = "7">
                <translate x="-30" y="1" z="-9"/>
                <rotate axis="z" angle="0"/>
                <rotate axis="y" angle="-180"/>
                <rotate axis="x" angle="0"/>
                <scale x="1" y="1" z="1"/>
            </keyframe>
            <keyframe instant = "8">
                <translate x="-30" y="1" z="-11"/>
                <rotate axis="z" angle="0"/>
                <rotate axis="y" angle="-180"/>
                <rotate axis="x" angle="0"/>
                <scale x="1" y="1" z="1"/>
            </keyframe>
            <keyframe instant = "9">
                <translate x="-30" y="0" z="-12"/>
                <rotate axis="z" angle="-45"/>
                <rotate axis="y" angle="-180"/>
                <rotate axis="x" angle="0"/>
                <scale x="1" y="1" z="1"/>
            </keyframe>
            <keyframe instant = "10">
                <translate x="-30" y="0" z="-13"/>
                <rotate axis="z" angle="0"/>
                <rotate axis="y" angle="-180"/>
                <rotate axis="x" angle="0"/>
                <scale x="1" y="1" z="1"/>
            </keyframe>
            <keyframe instant = "11">
                <translate x="-30" y="0" z="-15"/>
                <rotate axis="z" angle="0"/>
                <rotate axis="y" angle="-180"/>
                <rotate axis="x" angle="0"/>
                <scale x="1" y="1" z="1"/>
            </keyframe>
            <keyframe instant = "12">
                <translate x="-30" y="0" z="-15"/>
                <rotate axis="z" angle="0"/>
                <rotate axis="y" angle="-270"/>
                <rotate axis="x" angle="0"/>
                <scale x="1" y="1" z="1"/>
            </keyframe>
            <keyframe instant = "13">
                <translate x="0" y="0" z="-15"/>
                <rotate axis="z" angle="0"/>
                <rotate axis="y" angle="-270"/>
                <rotate axis="x" angle="0"/>
                <scale x="1" y="1" z="1"/>
            </keyframe>
            <keyframe instant = "14">
                <translate x="0" y="0" z="-15"/>
                <rotate axis="z" angle="0"/>
                <rotate axis="y" angle="-360"/>
                <rotate axis="x" angle="0"/>
                <scale x="1" y="1" z="1"/>
            </keyframe>
            <keyframe instant = "15">
                <translate x="0" y="0" z="0"/>
                <rotate axis="z" angle="0"/>
                <rotate axis="y" angle="-360"/>
                <rotate axis="x" angle="0"/>
                <scale x="1" y="1" z="1"/>
            </keyframe>
        </keyframeanim>
    </animations>

    <components>
        <component id="root">
            <transformation>
                <translate x="0" y="-7" z="0"/>
            </transformation>
            <materials>
                <material id="inherit"/>
            </materials>
            <texture id="inherit"/>
            <children>
                <componentref id="unitCube"/>
                <componentref id="barrel"/>
                <componentref id="tent0"/>
                <componentref id="tent1"/>
                <componentref id="tent2"/>
                <componentref id="tent3"/>
                <componentref id='water'/>
                <componentref id="ground"/>
                <componentref id='roads'/>
                <componentref id='buildings'/>
                <componentref id="roofs"/>
                <componentref id="boats"/>
                <componentref id="train"/>
                
            </children>
        </component>
        <component id="unitCube">
            <transformation>
                <scale x='50' y='50' z ='50'/>
            </transformation>
            <materials>
                <material id="inherit"/>
            </materials>
            <texture id="cityTexture"/>
            <children>
                <componentref id="face_top"/>
                <componentref id="face_bot"/>
                <componentref id="face_front"/>
                <componentref id="face_back"/>
                <componentref id="face_right"/>
                <componentref id="face_left"/>
            </children>
            <highlighted r="0" b="1" g="0" scale_h=".2"/>
        </component>
        <component id="face_top">
            <transformation>
                <translate x="0" y="0.5" z="0"/>
                <rotate axis="x" angle="90"/>
            </transformation>
            <materials>
                <material id="inherit"/>
            </materials>
            <texture id="skyTexture"/>
            <children>
                <primitiveref id="rectangle_patch"/>
            </children>
            <highlighted r="0" b="1" g="0" scale_h=".2"/>
        </component>
        <component id="face_bot">
            <transformation>
                <translate x="0" y="-0.5" z="0"/>
                <rotate axis="x" angle="-90"/>
            </transformation>
            <materials>
                <material id="inherit"/>
            </materials>
            <texture id="inherit"/>
            <children>
                <primitiveref id="rectangle_patch"/>
            </children>
        </component>
        <component id="face_front">
            <transformation>
                <translate x="0" y="0" z="0.5"/>
                <rotate axis="y" angle="180"/>
            </transformation>
            <materials>
                <material id="inherit"/>
            </materials>
            <texture id="inherit"/>
            <children>
                <primitiveref id="rectangle_patch"/>
            </children>
        </component>
        <component id="face_back">
            <transformation>
                <translate x="0" y="0" z="-0.5"/>
            </transformation>
            <materials>
                <material id="inherit"/>
            </materials>
            <texture id="inherit"/>
            <children>
                <primitiveref id="rectangle_patch"/>
            </children>
        </component>
        <component id="face_right">
            <transformation>
                <translate x="0.5" y="0" z="0"/>
                <rotate axis="y" angle="-90"/>
            </transformation>
            <materials>
                <material id="inherit"/>
            </materials>
            <texture id="inherit"/>
            <children>
                <primitiveref id="rectangle_patch"/>
            </children>
        </component>
        <component id="face_left">
            <transformation>
                <translate x="-0.5" y="0" z="0"/>
                <rotate axis="y" angle="90"/>
            </transformation>
            <materials>
                <material id="inherit"/>
            </materials>
            <texture id="inherit"/>
            <children>
                <primitiveref id="rectangle_patch"/>
            </children>
        </component>
        <component id="top_face">
            <transformation>
                <translate x="0" y="0.5" z="0"/>
                <rotate axis="x" angle="-90"/>
            </transformation>
            <materials>
                <material id="inherit"/>
            </materials>
            <texture id="inherit"/>
            <children>
                <primitiveref id="rectangle"/>
            </children>
            <highlighted r="0" b="1" g="0" scale_h=".2"/>
        </component>
        <component id="bottom_face">
            <transformation>
                <translate x="0" y="-0.5" z="0"/>
                <rotate axis="x" angle="90"/>
            </transformation>
            <materials>
                <material id="inherit"/>
            </materials>
            <texture id="inherit"/>
            <children>
                <primitiveref id="rectangle"/>
            </children>
        </component>
        <component id="front_face">
            <transformation>
                <translate x="0" y="0" z="0.5"/>
            </transformation>
            <materials>
                <material id="inherit"/>
            </materials>
            <texture id="inherit"/>
            <children>
                <primitiveref id="rectangle"/>
            </children>
        </component>
        <component id="back_face">
            <transformation>
                <translate x="0" y="0" z="-0.5"/>
                <rotate axis="y" angle="180"/>
            </transformation>
            <materials>
                <material id="inherit"/>
            </materials>
            <texture id="inherit"/>
            <children>
                <primitiveref id="rectangle"/>
            </children>
        </component>
        <component id="right_face">
            <transformation>
                <translate x="0.5" y="0" z="0"/>
                <rotate axis="y" angle="90"/>
            </transformation>
            <materials>
                <material id="inherit"/>
            </materials>
            <texture id="inherit"/>
            <children>
                <primitiveref id="rectangle"/>
            </children>
        </component>
        <component id="left_face">
            <transformation>
                <translate x="-0.5" y="0" z="0"/>
                <rotate axis="y" angle="-90"/>
            </transformation>
            <materials>
                <material id="inherit"/>
            </materials>
            <texture id="inherit"/>
            <children>
                <primitiveref id="rectangle"/>
            </children>
        </component>
        <component id="prism">
            <transformation>
            </transformation>
            <materials>
                <material id="inherit"/>
            </materials>
            <texture id="inherit"/>
            <children>
                <componentref id="top_face"/>
                <componentref id="bottom_face"/>
                <componentref id="front_face"/>
                <componentref id="back_face"/>
                <componentref id="left_face"/>
                <componentref id="right_face"/>
            </children>
        </component>
        <component id="water">
            <transformation>
                <translate x='0' y="-0.5" z = '0'/>
                <scale x='50' y='1' z ='20'/>
                <rotate axis ="x" angle =" -90"/>
            </transformation>
            <materials>
                <material id="waterGrayMaterial"/>
                <material id="waterMaterial"/>
                <material id="waterMaterial"/>
            </materials>
            <texture id="waterTexture" length_s="1" length_t="1"/>
            <children>
                <primitiveref id="rectangle"/>
            </children>
            <highlighted r="1" g= "1" b="1" scale_h=".2"/>
        </component>
        <component id="ground">
            <transformation>
            </transformation>
            <materials>
                <material id="groundConcreteMaterial"/>
                <material id="groundGrassMaterial"/>
                <material id="groundGrassMaterial"/>
            </materials>
            <texture id="grassTexture"/>
            <children>
                <componentref id="groundBlock1"/>
                <componentref id="groundBlock2"/>
                <componentref id="groundBlock3"/>
                <componentref id="groundBlock4"/>
                <componentref id="groundBlock5"/>
                <componentref id="groundBlock6"/>
            </children>
        </component>
        <component id="groundBlock1">
            <transformation>
                <translate x='-15' y='-0.25' z='-15.5'/>
                <scale x='22' y='0.5' z='19'/>
            </transformation>
            <materials>
                <material id="inherit"/>
            </materials>
            <texture id="inherit"/>
            <children>
                <componentref id='prism'/>
            </children>
        </component>
        <component id="groundBlock2">
            <transformation>
                <translate x='-0.5' y='-0.25' z='-14'/>
                <scale x='7' y='0.5' z='22'/>
            </transformation>
            <materials>
                <material id="inherit"/>
            </materials>
            <texture id="inherit"/>
            <children>
                <componentref id='prism'/>
            </children>
        </component>
        <component id="groundBlock3">
            <transformation>
                <translate x='16.5' y='-0.25' z='-15'/>
                <scale x='27' y='0.5' z='20'/>
            </transformation>
            <materials>
                <material id="inherit"/>
            </materials>
            <texture id="inherit"/>
            <children>
                <componentref id='prism'/>
            </children>
        </component>
        <component id="groundBlock4">
            <transformation>
                <translate x='-15.5' y='-0.25' z='10'/>
                <scale x='19' y='0.5' z='28'/>
            </transformation>
            <materials>
                <material id="inherit"/>
            </materials>
            <texture id="inherit"/>
            <children>
                <componentref id='prism'/>
            </children>
        </component>
        <component id="groundBlock5">
            <transformation>
                <translate x='-0.5' y='-0.25' z='11.5'/>
                <scale x='11' y='0.5' z='25'/>
            </transformation>
            <materials>
                <material id="inherit"/>
            </materials>
            <texture id="inherit"/>
            <children>
                <componentref id='prism'/>
            </children>
        </component>
        <component id="groundBlock6">
            <transformation>
                <translate x='17.5' y='-0.25' z='10.5'/>
                <scale x='25' y='0.5' z='27'/>
            </transformation>
            <materials>
                <material id="inherit"/>
            </materials>
            <texture id="inherit"/>
            <children>
                <componentref id='prism'/>
            </children>
        </component>
        <component id="roads">
            <transformation>
            </transformation>
            <materials>
                <material id="roadMaterial"/>
            </materials>
            <texture id="inherit"/>
            <children>
                <componentref id='road1'/>
                <componentref id='road2'/>
                <componentref id='road3'/>
                <componentref id='road4'/>
                <componentref id='road5'/>
                <componentref id='road6'/>
                <componentref id='road7'/>
                <componentref id='road8'/>
                <componentref id='road9'/>
                <componentref id='road10'/>
                <componentref id='road11'/>
                <componentref id='road12'/>
                <componentref id='road13'/>
                <componentref id='bridge'/>
                <componentref id='road17'/>
                <componentref id='road18'/>
                <componentref id='road19'/>
            </children>
        </component>
        <component id="road1">
            <transformation>
                <translate x='-6.5' y="0.01" z = '-8'/>
                <scale x='1' y='1' z ='4'/>
                <rotate axis ="x" angle =" -90"/>
            </transformation>
            <materials>
                <material id="inherit"/>
            </materials>
            <texture id="concreteTexture" length_s="1" length_t="1"/>
            <children>
                <primitiveref id="rectangle_patch"/>
            </children>
            <highlighted r="0" b="1" g="0" scale_h=".2"/>
        </component>
        <component id="road2">
            <transformation>
                <translate x='-2' y="0.01" z = '-6.5'/>
                <scale x='10' y='1' z ='1'/>
                <rotate axis ="x" angle =" -90"/>
            </transformation>
            <materials>
                <material id="inherit"/>
            </materials>
            <texture id="inherit"/>
            <children>
                <primitiveref id="rectangle_patch"/>
            </children>
        </component>
        <component id="road3">
            <transformation>
                <translate x='2.5' y="0.01" z = '-7.5'/>
                <scale x='1' y='1' z ='3'/>
                <rotate axis ="x" angle =" -90"/>
            </transformation>
            <materials>
                <material id="inherit"/>
            </materials>
            <texture id="inherit"/>
            <children>
                <primitiveref id="rectangle_patch"/>
            </children>
        </component>
        <component id="road4">
            <transformation>
                <translate x='6' y="0.01" z = '-8.5'/>
                <scale x='8' y='1' z ='1'/>
                <rotate axis ="x" angle =" -90"/>
            </transformation>
            <materials>
                <material id="inherit"/>
            </materials>
            <texture id="inherit"/>
            <children>
                <primitiveref id="rectangle_patch"/>
            </children>
        </component>
        <component id="road5">
            <transformation>
                <translate x='1.5' y="0.01" z = '1.5'/>
                <scale x='1' y='1' z ='17'/>
                <rotate axis ="x" angle =" -90"/>
            </transformation>
            <materials>
                <material id="inherit"/>
            </materials>
            <texture id="inherit"/>
            <children>
                <primitiveref id="rectangle_patch"/>
            </children>
        </component>
        <component id="road6">
            <transformation>
                <translate x='-2' y="0.01" z = '5.5'/>
                <scale x='16' y='1' z ='1'/>
                <rotate axis ="x" angle =" -90"/>
            </transformation>
            <materials>
                <material id="inherit"/>
            </materials>
            <texture id="inherit"/>
            <children>
                <primitiveref id="rectangle_patch"/>
            </children>
        </component>
        <component id="road7">
            <transformation>
                <translate x='-9.5' y="0.01" z = '2'/>
                <scale x='1' y='1' z ='8'/>
                <rotate axis ="x" angle =" -90"/>
            </transformation>
            <materials>
                <material id="inherit"/>
            </materials>
            <texture id="inherit"/>
            <children>
                <primitiveref id="rectangle_patch"/>
            </children>
        </component>
        <component id="road8">
            <transformation>
                <translate x='5.5' y="0.01" z = '4.5'/>
                <scale x='1' y='1' z ='7'/>
                <rotate axis ="x" angle =" -90"/>
            </transformation>
            <materials>
                <material id="inherit"/>
            </materials>
            <texture id="inherit"/>
            <children>
                <primitiveref id="rectangle_patch"/>
            </children>
        </component>
        <component id="road9">
            <transformation>
                <translate x='7.5' y="0.01" z = '1.5'/>
                <scale x='5' y='1' z ='1'/>
                <rotate axis ="x" angle =" -90"/>
            </transformation>
            <materials>
                <material id="inherit"/>
            </materials>
            <texture id="inherit"/>
            <children>
                <primitiveref id="rectangle_patch"/>
            </children>
        </component>
        <component id="road10">
            <transformation>
                <translate x='7.5' y="0.01" z = '7.5'/>
                <scale x='5' y='1' z ='1'/>
                <rotate axis ="x" angle =" -90"/>
            </transformation>
            <materials>
                <material id="inherit"/>
            </materials>
            <texture id="inherit"/>
            <children>
                <primitiveref id="rectangle_patch"/>
            </children>
        </component>
        <component id="road11">
            <transformation>
                <translate x='11' y="0.01" z = '14'/>
                <scale x='8' y='1' z ='2'/>
                <rotate axis ="x" angle =" -90"/>
            </transformation>
            <materials>
                <material id="inherit"/>
            </materials>
            <texture id="inherit"/>
            <children>
                <primitiveref id="rectangle_patch"/>
            </children>
        </component>
        <component id="road12">
            <transformation>
                <translate x='-12' y="0.01" z = '14'/>
                <scale x='9' y='1' z ='2'/>
                <rotate axis ="x" angle =" -90"/>
            </transformation>
            <materials>
                <material id="inherit"/>
            </materials>
            <texture id="inherit"/>
            <children>
                <primitiveref id="rectangle_patch"/>
            </children>
        </component>
        <component id="road13">
            <transformation>
                <translate x='-16' y="0.01" z = '7'/>
                <scale x='2' y='1' z ='16'/>
                <rotate axis ="x" angle ="-90"/>
            </transformation>
            <materials>
                <material id="inherit"/>
            </materials>
            <texture id="inherit"/>
            <children>
                <primitiveref id="rectangle_patch"/>
            </children>
        </component>
        <component id="bridge">
            <transformation>
            </transformation>
            <materials>
                <material id="inherit"/>
            </materials>
            <texture id="inherit"/>
            <children>
                <componentref id="road14"/>
                <componentref id="road15"/>
                <componentref id="road16"/>
                <componentref id="pilar1"/>
                <componentref id="pilar2"/>
            </children>
        </component>
        <component id="pilar1">
            <transformation>
                <translate x='-15.5' y="-0.3" z = '-1.5'/>
                <scale x='0.6' y='0.6' z ='0.6'/>
            </transformation>
            <materials>
                <material id="inherit"/>
            </materials>
            <texture id="inherit"/>
            <children>
                <componentref id="barrel"/>
            </children>
        </component>
        <component id="pilar2">
            <transformation>
                <translate x='-15.5' y="-0.3" z = '1.7'/>
                <scale x='0.6' y='0.6' z ='0.6'/>
            </transformation>
            <materials>
                <material id="inherit"/>
            </materials>
            <texture id="inherit"/>
            <children>
                <componentref id="barrel"/>
            </children>
        </component>
        <component id="road14">
            <transformation>
                <translate x='-16' y="0.01" z = '-1'/>
                <scale x='2' y='3.5' z ='3.5'/>
                <rotate axis ="x" angle ="-60"/>
            </transformation>
            <materials>
                <material id="inherit"/>
            </materials>
            <texture id="inherit"/>
            <children>
                <primitiveref id="rectangle_patch"/>
            </children>
        </component>
        <component id="road15">
            <transformation>
                <translate x='-16' y="0.9" z = '-5'/>
                <scale x='2' y='1' z ='5'/>
                <rotate axis ="x" angle ="-90"/>
            </transformation>
            <materials>
                <material id="inherit"/>
            </materials>
            <texture id="inherit"/>
            <children>
                <primitiveref id="rectangle_patch"/>
            </children>
        </component>
        <component id="road16">
            <transformation>
                <translate x='-16' y="0.4" z = '-8.3'/>
                <scale x='2' y='1' z ='5'/>
                <rotate axis ="x" angle ="-160"/>
            </transformation>
            <materials>
                <material id="inherit"/>
            </materials>
            <texture id="inherit"/>
            <children>
                <primitiveref id="rectangle_patch"/>
            </children>
        </component>
        <component id="road17">
            <transformation>
                <translate x='-16' y="0.01" z = '-13'/>
                <scale x='2' y='1' z ='8'/>
                <rotate axis ="x" angle ="-90"/>
            </transformation>
            <materials>
                <material id="inherit"/>
            </materials>
            <texture id="inherit"/>
            <children>
                <primitiveref id="rectangle_patch"/>
            </children>
        </component>
        <component id="road18">
            <transformation>
                <translate x='-0' y="0.01" z = '-16'/>
                <scale x='30' y='1' z ='2'/>
                <rotate axis ="x" angle ="-90"/>
            </transformation>
            <materials>
                <material id="inherit"/>
            </materials>
            <texture id="inherit"/>
            <children>
                <primitiveref id="rectangle_patch"/>
            </children>
        </component>
        <component id="road19">
            <transformation>
                <translate x='14' y="0.01" z = '0'/>
                <scale x='2' y='1' z ='30'/>
                <rotate axis ="x" angle ="-90"/>
            </transformation>
            <materials>
                <material id="inherit"/>
            </materials>
            <texture id="inherit"/>
            <children>
                <primitiveref id="rectangle_patch"/>
            </children>
        </component>
        <component id="buildings">
            <transformation>
            </transformation>
            <materials>
                <material id="buildingDefaultMaterial"/>
            </materials>
            <texture id="inherit"/>
            <!--<texture id="concreteTexture" length_s="1" length_t="1"/>-->
            <children>
                <componentref id="prismBuildings"/>
                <componentref id="specialBuildings"/>
                <componentref id="cylindricalBuildings"/>
                <componentref id="monuments"/>
            </children>
        </component>
        <component id="prismBuildings">
            <transformation>
            </transformation>
            <materials>
                <material id="inherit"/>
            </materials>
            <texture id="inherit"/>
            <children>
                <componentref id="prismBuildingC"/>
                <componentref id="prismBuildingS1"/>
                <componentref id="prismBuildingS2"/>
                <componentref id="prismBuilding1"/>
                <componentref id="prismBuilding2"/>
                <componentref id="prismBuilding3"/>
                <componentref id="prismBuilding4"/>
                <componentref id="prismBuilding5"/>
                <componentref id="prismBuilding6"/>
                <componentref id="prismBuilding7"/>
                <componentref id="prismBuilding8"/>
                <componentref id="prismBuilding9"/>
                <componentref id="prismBuilding10"/>
                <componentref id="prismBuilding12"/>
                <componentref id="prismBuilding13"/>
                <componentref id="prismBuilding14"/>
                <componentref id="prismBuilding15"/>
            </children>
        </component>
        <component id="prismBuildingC">
            <transformation>
                <translate x='0' y='0' z='0'/>
                <scale x='9' y='14' z='9'/>
            </transformation>
            <materials>
                <material id="inherit"/>
                <material id="buildingRedMaterial"/>
                <material id="buildingYellowMaterial"/>
            </materials>
            <texture id="building"/>
            <children>
                <componentref id="prism"/>
            </children>
        </component>
        <component id="prismBuildingS1">
            <transformation>
                <translate x='-6' y='0' z='0'/>
                <scale x='0.25' y='1' z='0.7'/>
            </transformation>
            <materials>
                <material id="inherit"/>
                <material id="buildingRedMaterial"/>
                <material id="buildingYellowMaterial"/>
            </materials>
            <texture id="inherit"/>
            <children>
                <componentref id="prismBuildingC"/>
            </children>
        </component>
        <component id="prismBuildingS2">
            <transformation>
                <translate x='6' y='0' z='0'/>
                <scale x='0.25' y='1' z='0.7'/>
            </transformation>
            <materials>
                <material id="inherit"/>
                <material id="buildingRedMaterial"/>
                <material id="buildingYellowMaterial"/>
            </materials>
            <texture id="inherit"/>
            <children>
                <componentref id="prismBuildingC"/>
            </children>
        </component>
        <component id="prismBuilding1">
            <transformation>
                <translate x='-5' y='1' z='-8.5'/>
                <scale x='2' y='2' z='3'/>
            </transformation>
            <materials>
                <material id="inherit"/>
                <material id="buildingRedMaterial"/>
                <material id="buildingYellowMaterial"/>
            </materials>
            <texture id="inherit"/>
            <children>
                <componentref id="prism"/>
            </children>
        </component>
        <component id="prismBuilding2">
            <transformation>
                <translate x='-3' y='0.5' z='-8'/>
                <scale x='2' y='1' z='2'/>
            </transformation>
            <materials>
                <material id="inherit"/>
                <material id="buildingRedMaterial"/>
                <material id="buildingRedMaterial"/>
            </materials>
            <texture id="inherit"/>
            <children>
                <componentref id="prism"/>
            </children>
        </component>
        <component id="prismBuilding3">
            <transformation>
                <translate x='-1.5' y='2' z='-5'/>
                <scale x='3' y='4' z='2'/>
            </transformation>
            <materials>
                <material id="inherit"/>
                <material id="buildingRedMaterial"/>
                <material id="buildingCyanMaterial"/>
            </materials>
            <texture id="windowsTexture" length_s="4" length_t="4"/>
            <children>
                <componentref id="prism"/>
            </children>
        </component>
        <component id="prismBuilding4">
            <transformation>
                <translate x='0.5' y='1' z='-5'/>
                <scale x='1' y='2' z='2'/>
            </transformation>
            <materials>
                <material id="inherit"/>
                <material id="buildingRedMaterial"/>
                <material id="buildingCyanMaterial"/>
            </materials>
            <texture id="inherit"/>
            <children>
                <componentref id="prism"/>
            </children>
        </component>
        <component id="prismBuilding5">
            <transformation>
                <translate x='4' y='1.5' z='-7'/>
                <scale x='2' y='3' z='2'/>
            </transformation>
            <materials>
                <material id="inherit"/>
                <material id="buildingRedMaterial"/>
                <material id="buildingYellowMaterial"/>
            </materials>
            <texture id="inherit"/>
            <children>
                <componentref id="prism"/>
            </children>
        </component>
        <component id="prismBuilding6">
            <transformation>
                <translate x='4' y='1' z='-9.5'/>
                <scale x='2' y='2' z='1'/>
            </transformation>
            <materials>
                <material id="inherit"/>
                <material id="buildingRedMaterial"/>
                <material id="buildingCyanMaterial"/>
            </materials>
            <texture id="windowsTexture" length_s="4" length_t="4"/>
            <children>
                <componentref id="prism"/>
            </children>
        </component>
        <component id="prismBuilding7">
            <transformation>
                <translate x='7' y='1.25' z='-9.5'/>
                <scale x='2' y='2.5' z='1'/>
            </transformation>
            <materials>
                <material id="inherit"/>
                <material id="buildingRedMaterial"/>
                <material id="buildingRedMaterial"/>
            </materials>
            <texture id="inherit"/>
            <children>
                <componentref id="prism"/>
            </children>
        </component>
        <component id="prismBuilding8">
            <transformation>
                <translate x='8.5' y='2' z='-7'/>
                <scale x='3' y='4' z='2'/>
            </transformation>
            <materials>
                <material id="inherit"/>
                <material id="buildingRedMaterial"/>
                <material id="buildingRedMaterial"/>
            </materials>
            <texture id="inherit"/>
            <children>
                <componentref id="prism"/>
            </children>
        </component>
        <component id="prismBuilding9">
            <transformation>
                <translate x='-8' y='1.5' z='-2'/>
                <scale x='2' y='3' z='2'/>
            </transformation>
            <materials>
                <material id="inherit"/>
                <material id="buildingRedMaterial"/>
                <material id="buildingOrangeMaterial"/>
            </materials>
            <texture id="inherit"/>
            <children>
                <componentref id="prism"/>
            </children>
        </component>
        <component id="prismBuilding10">
            <transformation>
                <translate x='3.5' y='2' z='8'/>
                <scale x='3' y='4' z='2'/>
            </transformation>
            <materials>
                <material id="inherit"/>
                <material id="buildingRedMaterial"/>
                <material id="buildingCyanMaterial"/>
            </materials>
            <texture id="windowsTexture" length_s="1" length_t="1"/>
            <children>
                <componentref id="prism"/>
            </children>
        </component>
        <component id="prismBuilding12">
            <transformation>
                <translate x='4.5' y='1' z='2'/>
                <scale x='1' y='2' z='4'/>
            </transformation>
            <materials>
                <material id="inherit"/>
                <material id="buildingRedMaterial"/>
                <material id="buildingRedMaterial"/>
            </materials>
            <texture id="inherit"/>
            <children>
                <componentref id="prism"/>
            </children>
        </component>
        <component id="prismBuilding13">
            <transformation>
                <translate x='7' y='1.5' z='4'/>
                <scale x='2' y='3' z='4'/>
            </transformation>
            <materials>
                <material id="inherit"/>
                <material id="buildingRedMaterial"/>
                <material id="buildingCyanMaterial"/>
            </materials>
            <texture id="inherit"/>
            <children>
                <componentref id="prism"/>
            </children>
        </component>
        <component id="prismBuilding14">
            <transformation>
                <translate x='9' y='2' z='6'/>
                <scale x='2' y='4' z='2'/>
            </transformation>
            <materials>
                <material id="inherit"/>
                <material id="buildingRedMaterial"/>
                <material id="buildingOrangeMaterial"/>
            </materials>
            <texture id="windowsTexture" length_s="1" length_t="1"/>
            <children>
                <componentref id="prism"/>
            </children>
        </component>
        <component id="prismBuilding15">
            <transformation>
                <translate x='9' y='1' z='3'/>
                <scale x='2' y='2' z='2'/>
            </transformation>
            <materials>
                <material id="inherit"/>
                <material id="buildingRedMaterial"/>
                <material id="buildingOrangeMaterial"/>
            </materials>
            <texture id="inherit"/>
            <children>
                <componentref id="prism"/>
            </children>
        </component>
        <component id="specialBuildings">
            <transformation>
            </transformation>
            <materials>
                <material id="inherit"/>
                <material id="buildingPurpleMaterial"/>
                <material id="buildingPurpleMaterial"/>
            </materials>
            <texture id="inherit"/>
            <children>
                <componentref id="specialBuilding1"/>
                <componentref id="specialBuilding2"/>
                <componentref id="specialBuilding3"/>
                <componentref id="specialBuilding4"/>
                <componentref id="specialBuilding5"/>
                <componentref id="specialBuilding6"/>
            </children>
        </component>
        <component id="specialBuilding1">
            <transformation>
            </transformation>
            <materials>
                <material id="inherit"/>
                <material id="inherit"/>
                <material id="buildingOrangeMaterial"/>
            </materials>
            <texture id="inherit"/>
            <children>
                <componentref id="specialBuilding1Tower1"/>
                <componentref id="specialBuilding1Tower2"/>
                <componentref id="specialBuilding1Bridge"/>
            </children>
        </component>
        <component id="specialBuilding1Tower1">
            <transformation>
                <translate x="-8" y="2" z="0.5"/>
                <scale x="2" y="4" z="1"/>
            </transformation>
            <materials>
                <material id="inherit"/>
                <material id="inherit"/>
                <material id="buildingOrangeMaterial"/>
            </materials>
            <texture id="inherit"/>
            <children>
                <componentref id="prism"/>
            </children>
        </component>
        <component id="specialBuilding1Tower2">
            <transformation>
                <translate x="-8" y="2" z="4.5"/>
                <scale x="2" y="4" z="1"/>
            </transformation>
            <materials>
                <material id="inherit"/>
                <material id="inherit"/>
                <material id="buildingOrangeMaterial"/>
            </materials>
            <texture id="inherit"/>
            <children>
                <componentref id="prism"/>
            </children>
        </component>
        <component id="specialBuilding1Bridge">
            <transformation>
                <translate x="-8" y="2" z="1"/>
                <scale x="2" y="2" z="3"/>
            </transformation>
            <materials>
                <material id="inherit"/>
                <material id="inherit"/>
                <material id="buildingYellowMaterial"/>
            </materials>
            <texture id="inherit"/>
            <children>
                <primitiveref id="cylinder"/>
            </children>
            <highlighted r="0" g="1" b="0" scale_h="0.1"/>
        </component>
        <component id="specialBuilding2">
            <transformation>
            </transformation>
            <materials>
                <material id="inherit"/>
                <material id="inherit"/>
                <material id="buildingOrangeMaterial"/>
            </materials>
            <texture id="inherit"/>
            <children>
                <componentref id="specialBuilding2Tower1"/>
                <componentref id="specialBuilding2Tower2"/>
                <componentref id="specialBuilding2Bridge"/>
                <componentref id="specialBuilding2Back"/>
            </children>
        </component>
        <component id="specialBuilding2Tower1">
            <transformation>
                <translate x="-5" y="2.5" z="2"/>
                <scale x="2" y="5" z="4"/>
            </transformation>
            <materials>
                <material id="inherit"/>
                <material id="inherit"/>
                <material id="buildingCyanMaterial"/>
            </materials>
            <texture id="inherit"/>
            <children>
                <componentref id="prism"/>
            </children>
        </component>
        <component id="specialBuilding2Tower2">
            <transformation>
                <translate x="-1" y="2.5" z="2"/>
                <scale x="2" y="5" z="4"/>
            </transformation>
            <materials>
                <material id="inherit"/>
                <material id="inherit"/>
                <material id="buildingCyanMaterial"/>
            </materials>
            <texture id="inherit"/>
            <children>
                <componentref id="prism"/>
            </children>
        </component>
        <component id="specialBuilding2Bridge">
            <transformation>
                <translate x="-3" y="2.5" z="2.5"/>
                <scale x="2" y="0.5" z="1"/>
            </transformation>
            <materials>
                <material id="inherit"/>
                <material id="inherit"/>
                <material id="buildingPurpleMaterial"/>
            </materials>
            <texture id="inherit"/>
            <children>
                <componentref id="prism"/>
            </children>
        </component>
        <component id="specialBuilding2Back">
            <transformation>
                <translate x="-3" y="0.5" z="0"/>
                <scale x="2" y="1" z="2"/>
            </transformation>
            <materials>
                <material id="inherit"/>
                <material id="inherit"/>
                <material id="buildingPurpleMaterial"/>
            </materials>
            <texture id="inherit"/>
            <children>
                <componentref id="prism"/>
            </children>
        </component>
        <component id="specialBuilding3">
            <transformation>
            </transformation>
            <materials>
                <material id="inherit"/>
                <material id="inherit"/>
                <material id="buildingOrangeMaterial"/>
            </materials>
            <texture id="inherit"/>
            <children>
                <componentref id="specialBuilding3Column1"/>
                <componentref id="specialBuilding3Column2"/>
                <componentref id="specialBuilding3Column3"/>
                <componentref id="specialBuilding3Column4"/>
                <componentref id="specialBuilding3Torus"/>
            </children>
        </component>
        <component id="specialBuilding3Column1">
            <transformation>
                <translate x="8" y="0" z="-2.5"/>
                <scale x="0.5" y = "1.5" z="0.5"/>
                <rotate axis="x" angle="-90"/>
            </transformation>
            <materials>
                <material id="inherit"/>
                <material id="inherit"/>
                <material id="buildingRedMaterial"/>
            </materials>
            <texture id="inherit"/>
            <children>
                <primitiveref id="cylinder"/>
            </children>
        </component>
        <component id="specialBuilding3Column2">
            <transformation>
                <translate x="6.5" y="0" z="-1"/>
                <scale x="0.5" y = "1.5" z="0.5"/>
                <rotate axis="x" angle="-90"/>
            </transformation>
            <materials>
                <material id="inherit"/>
                <material id="inherit"/>
                <material id="buildingRedMaterial"/>
            </materials>
            <texture id="inherit"/>
            <children>
                <primitiveref id="cylinder"/>
            </children>
        </component>
        <component id="specialBuilding3Column3">
            <transformation>
                <translate x="9.5" y="0" z="-1"/>
                <scale x="0.5" y = "1.5" z="0.5"/>
                <rotate axis="x" angle="-90"/>
            </transformation>
            <materials>
                <material id="inherit"/>
                <material id="inherit"/>
                <material id="buildingRedMaterial"/>
            </materials>
            <texture id="inherit"/>
            <children>
                <primitiveref id="cylinder"/>
            </children>
        </component>
        <component id="specialBuilding3Column4">
            <transformation>
                <translate x="8" y="0" z="0.5"/>
                <scale x="0.5" y = "1.5" z="0.5"/>
                <rotate axis="x" angle="-90"/>
            </transformation>
            <materials>
                <material id="inherit"/>
                <material id="inherit"/>
                <material id="buildingRedMaterial"/>
            </materials>
            <texture id="inherit"/>
            <children>
                <primitiveref id="cylinder"/>
            </children>
        </component>
        <component id="specialBuilding3Torus">
            <transformation>
                <translate x="8" y="1.5" z="-1"/>
                <scale x="3" y = "3" z="3"/>
                <rotate axis="x" angle="-90"/>
            </transformation>
            <materials>
                <material id="inherit"/>
                <material id="inherit"/>
                <material id="buildingRedMaterial"/>
            </materials>
            <texture id="inherit"/>
            <children>
                <primitiveref id="torus"/>
            </children>
        </component>
        <component id="specialBuilding4">
            <transformation>
            </transformation>
            <materials>
                <material id="inherit"/>
                <material id="inherit"/>
                <material id="buildingOrangeMaterial"/>
            </materials>
            <texture id="inherit"/>
            <children>
                <componentref id="specialBuilding4Tower"/>
                <componentref id="specialBuilding4Base"/>
            </children>
        </component>
        <component id="specialBuilding4Tower">
            <transformation>
                <translate x="6" y="1" z="-6"/>
                <scale x="2" y = "3" z="2"/>
                <rotate axis="x" angle="-90"/>
            </transformation>
            <materials>
                <material id="inherit"/>
                <material id="inherit"/>
                <material id="buildingPurpleMaterial"/>
            </materials>
            <texture id="inherit"/>
            <children>
                <primitiveref id="cylinder"/>
            </children>
        </component>
        <component id="specialBuilding4Base">
            <transformation>
                <translate x="6" y="0.5" z="-6.5"/>
                <scale x="2" y = "1" z="3"/>
            </transformation>
            <materials>
                <material id="inherit"/>
                <material id="inherit"/>
                <material id="buildingPurpleMaterial"/>
            </materials>
            <texture id="inherit"/>
            <children>
                <componentref id="prism"/>
            </children>
        </component>
        <component id="specialBuilding5">
            <transformation>
            </transformation>
            <materials>
                <material id="inherit"/>
                <material id="inherit"/>
                <material id="buildingOrangeMaterial"/>
            </materials>
            <texture id="inherit"/>
            <children>
                <componentref id="specialBuilding5Tower"/>
                <componentref id="specialBuilding5Base"/>
            </children>
        </component>
        <component id="specialBuilding5Tower">
            <transformation>
                <translate x="-3" y="3" z="7"/>
                <scale x="2" y = "2" z="2"/>
                <rotate axis="x" angle="-90"/>
            </transformation>
            <materials>
                <material id="inherit"/>
                <material id="inherit"/>
                <material id="buildingPurpleMaterial"/>
            </materials>
            <texture id="inherit"/>
            <children>
                <componentref id="prism"/>
            </children>
        </component>
        <component id="specialBuilding5Base">
            <transformation>
                <translate x="-2" y="1" z="8"/>
                <scale x="4" y = "2" z="4"/>
            </transformation>
            <materials>
                <material id="inherit"/>
                <material id="inherit"/>
                <material id="buildingYellowMaterial"/>
            </materials>
            <texture id="inherit"/>
            <children>
                <componentref id="prism"/>
            </children>
        </component>
        <component id="specialBuilding6">
            <transformation>
            </transformation>
            <materials>
                <material id="inherit"/>
                <material id="inherit"/>
                <material id="buildingOrangeMaterial"/>
            </materials>
            <texture id="inherit"/>
            <children>
                <componentref id="specialBuilding6Tower1"/>
                <componentref id="specialBuilding6Tower2"/>
                <componentref id="specialBuilding6Base"/>
            </children>
        </component>
        <component id="specialBuilding6Tower1">
            <transformation>
                <translate x="7" y="1" z="9"/>
                <scale x="2" y = "2" z="2"/>
                <rotate axis="x" angle="-90"/>
            </transformation>
            <materials>
                <material id="inherit"/>
                <material id="inherit"/>
                <material id="buildingRedMaterial"/>
            </materials>
            <texture id="inherit"/>
            <children>
                <primitiveref id="cylinder"/>
            </children>
        </component>
        <component id="specialBuilding6Tower2">
            <transformation>
                <translate x="9" y="1" z="9"/>
                <scale x="2" y = "2" z="2"/>
                <rotate axis="x" angle="-90"/>
            </transformation>
            <materials>
                <material id="inherit"/>
                <material id="inherit"/>
                <material id="buildingRedMaterial"/>
            </materials>
            <texture id="inherit"/>
            <children>
                <primitiveref id="cylinder"/>
            </children>
        </component>
        <component id="specialBuilding6Base">
            <transformation>
                <translate x="8" y="0.5" z="9"/>
                <scale x="4" y = "1" z="2"/>
            </transformation>
            <materials>
                <material id="inherit"/>
                <material id="inherit"/>
                <material id="buildingOrangeMaterial"/>
            </materials>
            <texture id="inherit"/>
            <children>
                <componentref id="prism"/>
            </children>
        </component>
        <component id="cylindricalBuildings">
            <transformation>
            </transformation>
            <materials>
                <material id="inherit"/>
                <material id="buildingYellowMaterial"/>
                <material id="inherit"/>
            </materials>
            <texture id="inherit"/>
            <children>
                <componentref id="cylindricalBuilding1"/>
                <componentref id="cylindricalBuilding1Top"/>
                <componentref id="cylindricalBuilding2"/>
                <componentref id="cylindricalBuilding3"/>
            </children>
        </component>
        <component id="cylindricalBuilding1">
            <transformation>
                <translate x="-8.5" y="0" z="-8.5"/>
                <scale x="3" y = "2" z="3"/>
                <rotate axis="x" angle="-90"/>
            </transformation>
            <materials>
                <material id="inherit"/>
                <material id="inherit"/>
                <material id="buildingYellowMaterial"/>
            </materials>
            <texture id="inherit"/>
            <children>
                <primitiveref id="cylinder"/>
            </children>
            <highlighted r="0" g="1" b="0" scale_h="0.1"/>
        </component>
        <component id="cylindricalBuilding1Top">
            <transformation>
                <translate x="-8.5" y="2" z="-8.5"/>
                <scale x="1.5" y = "1.5" z="1.5"/>
            </transformation>
            <materials>
                <material id="inherit"/>
                <material id="inherit"/>
                <material id="buildingYellowMaterial"/>
            </materials>
            <texture id="inherit"/>
            <children>
                <primitiveref id="sphere"/>
            </children>
        </component>
        <component id="cylindricalBuilding2">
            <transformation>
                <translate x="3" y="0" z="1"/>
                <scale x="2" y = "4" z="2"/>
                <rotate axis="x" angle="-90"/>
            </transformation>
            <materials>
                <material id="inherit"/>
                <material id="inherit"/>
                <material id="buildingYellowMaterial"/>
            </materials>
            <texture id="inherit"/>
            <children>
                <primitiveref id="cylinder"/>
            </children>
            <highlighted r="1.0" g="0.0" b="0.0" scale_h="0.1"/>
        </component>
        <component id="cylindricalBuilding3">
            <transformation>
                <translate x="3" y="0" z="4"/>
                <scale x="2" y = "4.5" z="2"/>
                <rotate axis="x" angle="-90"/>
            </transformation>
            <materials>
                <material id="inherit"/>
                <material id="inherit"/>
                <material id="buildingYellowMaterial"/>
            </materials>
            <texture id="inherit"/>
            <children>
                <primitiveref id="cylinder"/>
            </children>
            <highlighted r="1.0" g="0.0" b="0.0" scale_h="0.1"/>
        </component>
        <component id="monuments">
            <transformation>
            </transformation>
            <materials>
                <material id="inherit"/>
                <material id="buildingCyanMaterial"/>
                <material id="inherit"/>
            </materials>
            <texture id="inherit"/>
            <children>
                <componentref id="monument1"/>
                <componentref id="monument2"/>
            </children>
        </component>
        <component id="monument1">
            <transformation>
                <translate x="-0.5" y="0" z="-8.5"/>
                <scale x="1" y="3" z="1"/>
                <rotate angle="-90" axis="x"/>
            </transformation>
            <materials>
                <material id="inherit"/>
                <material id="inherit"/>
                <material id="buildingYellowMaterial"/>
            </materials>
            <texture id="inherit"/>
            <children>
                <primitiveref id="cone"/>
            </children>
            <highlighted r="1.0" g="0.0" b="0.0" scale_h="0.1"/>
        </component>
        <component id="monument2">
            <transformation>
            </transformation>
            <materials>
                <material id="inherit"/>
                <material id="inherit"/>
                <material id="inherit"/>
            </materials>
            <texture id="inherit"/>
            <children>
                <componentref id="monument2Base"/>
                <componentref id="monument2Tower"/>
            </children>
        </component>
        <component id="monument2Tower">
            <transformation>
                <translate x="-7" y="0.3" z="8"/>
                <scale x="0.7" y="2" z="0.7"/>
                <rotate angle="-90" axis="x"/>
            </transformation>
            <materials>
                <material id="inherit"/>
                <material id="inherit"/>
                <material id="buildingOrangeMaterial"/>
            </materials>
            <texture id="inherit"/>
            <children>
                <primitiveref id="cone"/>
            </children>
        </component>
        <component id="monument2Base">
            <transformation>
                <translate x="-7" y="0.15" z="8"/>
                <scale x="2" y="0.3" z="2"/>
            </transformation>
            <materials>
                <material id="inherit"/>
                <material id="inherit"/>
                <material id="buildingPurpleMaterial"/>
            </materials>
            <texture id="inherit"/>
            <children>
                <componentref id="prism"/>
            </children>
        </component>
        <component id="roof">
            <transformation>
            </transformation>
            <materials>
                <material id="inherit"/>
            </materials>
            <texture id="inherit"/>
            <children>
                <primitiveref id="roofFrontPrimitive"/>
                <primitiveref id="roofLeftPrimitive"/>
                <primitiveref id="roofRightPrimitive"/>
                <primitiveref id="roofBackPrimitive"/>
            </children>
        </component>
        <component id="roofs">
            <transformation>
            </transformation>
            <materials>
                <material id="buildingDefaultMaterial"/>
                <material id="buildingRedMaterial"/>
                <material id="buildingRedMaterial"/>
            </materials>
            <texture id="inherit"/>
            <children>
                <componentref id="roof1"/>
            </children>
        </component>
        <component id="roof1">
            <transformation>
                <translate x="-1.5" y="4" z="-5"/>
                <scale x="3" y="2" z="2"/>
            </transformation>
            <materials>
                <material id="inherit"/>
            </materials>
            <texture id="inherit"/>
            <children>
                <componentref id="roof"/>
            </children>
        </component>
        <component id="boat">
            <transformation>
            </transformation>
            <materials>
                <material id="inherit"/>
            </materials>
            <texture id="inherit"/>
            <children>
                <componentref id="boatBase"/>
                <componentref id="boatTop"/>
                <componentref id="boatBack"/>               
                <componentref id="boatWindowsFrontRight"/>
                <componentref id="boatWindowsFrontLeft"/>
                <componentref id="boatWindowsBackRight"/>
                <componentref id="boatWindowsBackLeft"/>
                <componentref id="boatFront"/>
                <componentref id="boatChimney"/>
            </children>
        </component>
        <component id="boatBase">
            <transformation>
                <translate x="0" y="0.5" z="0"/>
                <scale x="5" y="1" z="2"/>
            </transformation>
            <materials>
                <material id="inherit"/>
            </materials>
            <texture id="inherit"/>
            <children>
                <componentref id="prism"/>
            </children>
        </component>
        <component id="boatTop">
            <transformation>
                <translate x="-1.5" y="1" z="0"/>
                <scale x="3" y="1.6" z="1.6"/>
                <rotate angle="90" axis="y"/>
            </transformation>
            <materials>
                <material id="inherit"/>
            </materials>
            <texture id="inherit"/>
            <children>
                <primitiveref id="cylinder"/>
            </children>
        </component>
        <component id="boatBack">
            <transformation>
                <translate x="1.5" y="1" z="0"/>
                <scale x="0.8" y="0.8" z="0.8"/>
            </transformation>
            <materials>
                <material id="inherit"/>
            </materials>
            <texture id="inherit"/>
            <children>
                <primitiveref id="sphere"/>
            </children>
        </component>
        <component id="boatWindowsFrontRight">
            <transformation>
                <translate x="0" y="1.5" z="-0.5"/>
                <scale x="0.15" y="0.15" z="0.15"/>
            </transformation>
            <materials>
                <material id="boatWindowMaterial"/>
            </materials>
            <texture id="inherit"/>
            <children>
                <primitiveref id="sphere"/>
            </children>
        </component>
        <component id="boatWindowsFrontLeft">
            <transformation>
                <translate x="0" y="1.5" z="0.5"/>
                <scale x="0.15" y="0.15" z="0.15"/>
            </transformation>
            <materials>
                <material id="boatWindowMaterial"/>
            </materials>
            <texture id="inherit"/>
            <children>
                <primitiveref id="sphere"/>
            </children>
        </component>
        <component id="boatWindowsBackRight">
            <transformation>
                <translate x="1" y="1.5" z="-0.5"/>
                <scale x="0.15" y="0.15" z="0.15"/>
            </transformation>
            <materials>
                <material id="boatWindowMaterial"/>
            </materials>
            <texture id="inherit"/>
            <children>
                <primitiveref id="sphere"/>
            </children>
        </component>
        <component id="boatWindowsBackLeft">
            <transformation>
                <translate x="1" y="1.5" z="0.5"/>
                <scale x="0.15" y="0.15" z="0.15"/>
            </transformation>
            <materials>
                <material id="boatWindowMaterial"/>
            </materials>
            <texture id="inherit"/>
            <children>
                <primitiveref id="sphere"/>
            </children>
        </component>
        <component id="boats">
            <transformation>
            </transformation>
            <materials>
                <material id="inherit"/>
                <material id="boatBodyBrownMaterial"/>
                <material id="boatBodyRedMaterial"/>
            </materials>
            <texture id="inherit"/>
            <children>
                <componentref id="boat1"/>
                <componentref id="boat2"/>
            </children>
        </component>
        <component id="boat1">
            <transformation>
                <translate x="-2" y="-0.5" z="-2"/>
                <scale x=".3" y=".3" z=".3"/>
            </transformation>
            <materials>
                <material id="inherit"/>
            </materials>
            <texture id="inherit"/>
            <children>
                <componentref id="boat"/>
            </children>
        </component>
        <component id="boat2">
            <transformation>
                <translate x="3.5" y="-0.5" z="-2.5"/>
                <scale x=".3" y=".3" z=".3"/>
                <rotate axis="y" angle="-135"/>
            </transformation>
            <materials>
                <material id="inherit"/>
            </materials>
            <texture id="inherit"/>
            <children>
                <componentref id="boat"/>
            </children>
        </component>
        <component id="boatFront">
            <transformation>
            </transformation>
            <materials>
                <material id="inherit"/>
            </materials>
            <texture id="inherit"/>
            <children>
            <primitiveref id="boatFront1"/>
            <primitiveref id="boatFront2"/>
            <primitiveref id="boatFront3"/>
            <primitiveref id="boatFront4"/>
            </children>
        </component>
        <component id="boatChimney">
            <transformation>
                <translate x="-1" y="1" z="0.5"/>
                <scale x="0.5" y="1.5" z="0.5"/>
                <rotate axis="x" angle="-90"/>
            </transformation>
            <materials>
                <material id="inherit"/>
            </materials>
            <texture id="inherit"/>
            <children> 
                <primitiveref id="cylinder"/>
            </children>
        </component>
        <component id="tent0">
            <transformation>
                <scale x="0.5" y="0.5" z="1"/>
                <translate x="-10" y="9" z="2"/>
                <rotate axis="x" angle="-90"/>
            </transformation>
            <materials>
                <material id="inherit"/>
            </materials>
            <texture id="windowsTexture" length_s="1" length_t="1"/>
            <children> 
                <primitiveref id="tent"/>
            </children>
        </component>
        <component id="tent1">
            <transformation>
                <scale x="0.5" y="0.5" z="1"/>
                <translate x="-2" y="9" z="2"/>
                <rotate axis="x" angle="-90"/>
            </transformation>
            <materials>
                <material id="inherit"/>
            </materials>
            <texture id="windowsTexture" length_s="1" length_t="1"/>
            <children> 
                <primitiveref id="tent"/>
            </children>
        </component>
        <component id="barrel">
            <transformation>
                <translate x="-0.5" y="1" z="-8.5"/>
                <scale x="0.2" y="0.2" z="0.2"/>
            </transformation>
            <materials>
                <material id="inherit"/>
            </materials>
            <texture id="windowsTexture"/>
            <children> 
                <componentref id="side_front"/>
                <componentref id="side_back"/>
            </children>
        </component>
        <component id="side_front">
            <transformation>
                <!--<translate x="0" y="6" z="0"/>
                <rotate axis="x" angle="-90"/>-->
            </transformation>
            <materials>
                <material id="inherit"/>
            </materials>
            <texture id="inherit"/>
            <children> 
                <primitiveref id="sideBarrel"/>
            </children>
        </component>
        <component id="side_back">
            <transformation>
                <!--<translate x="0" y="6" z="0"/>-->
                <rotate axis="y" angle="180"/>
            </transformation>
            <materials>
                <material id="inherit"/>
            </materials>
            <texture id="inherit"/>
            <children> 
                <primitiveref id="sideBarrel"/>
            </children>
        </component>
        <component id="train">
            <transformation>
                <translate x='14' y='0.5' z='14'/>
                <scale x='1' y='1' z='2'/>
            </transformation>
            <materials>
                <material id="inherit"/>
                <material id="buildingRedMaterial"/>
                <material id="buildingYellowMaterial"/>
            </materials>
            <texture id="concreteTexture" length_s="1" length_t="1"/>
            <children>
                <componentref id="prism"/>
                <componentref id="trainWindow1"/>
                <componentref id="trainWindow2"/>
                <componentref id="trainWindow3"/>
                <componentref id="trainWindow4"/>
                <componentref id="trainWindow5"/>
                <componentref id="trainWindow6"/>
            </children>
            <animation id="testAnim"/>
        </component>
        <component id="trainWindow1">
            <transformation>
                <translate x='0.5' y='0' z='0.3'/>
                <scale x='0.1' y='0.4' z='0.1'/>
            </transformation>
            <materials>
                <material id="buildingYellowMaterial"/>
            </materials>
            <texture id="concreteTexture" length_s="1" length_t="1"/>
            <children>
                <componentref id="prism"/>
            </children>
        </component>
        <component id="trainWindow2">
            <transformation>
                <translate x='0.5' y='0' z='0'/>
                <scale x='0.1' y='0.4' z='0.1'/>
            </transformation>
            <materials>
                <material id="buildingYellowMaterial"/>
            </materials>
            <texture id="concreteTexture" length_s="1" length_t="1"/>
            <children>
                <componentref id="prism"/>
            </children>
        </component>
        <component id="trainWindow3">
            <transformation>
                <translate x='0.5' y='0' z='-0.3'/>
                <scale x='0.1' y='0.4' z='0.1'/>
            </transformation>
            <materials>
                <material id="buildingYellowMaterial"/>
            </materials>
            <texture id="concreteTexture" length_s="1" length_t="1"/>
            <children>
                <componentref id="prism"/>
            </children>
        </component>
        <component id="trainWindow4">
            <transformation>
                <translate x='-0.5' y='0' z='0.3'/>
                <scale x='0.1' y='0.4' z='0.1'/>
            </transformation>
            <materials>
                <material id="buildingYellowMaterial"/>
            </materials>
            <texture id="concreteTexture" length_s="1" length_t="1"/>
            <children>
                <componentref id="prism"/>
            </children>
        </component>
        <component id="trainWindow5">
            <transformation>
                <translate x='-0.5' y='0' z='0'/>
                <scale x='0.1' y='0.4' z='0.1'/>
            </transformation>
            <materials>
                <material id="buildingYellowMaterial"/>
            </materials>
            <texture id="concreteTexture" length_s="1" length_t="1"/>
            <children>
                <componentref id="prism"/>
            </children>
        </component>
        <component id="trainWindow6">
            <transformation>
                <translate x='-0.5' y='0' z='-0.3'/>
                <scale x='0.1' y='0.4' z='0.1'/>
            </transformation>
            <materials>
                <material id="buildingYellowMaterial"/>
            </materials>
            <texture id="concreteTexture" length_s="1" length_t="1"/>
            <children>
                <componentref id="prism"/>
            </children>
        </component>
        <component id="tent2">
            <transformation>
                <translate x='8' y='-4' z='14'/>
                <rotate axis="z" angle="-60" />
                <rotate axis="y" angle="-90" />
                <scale x='1.1' y='2' z='2'/>
            </transformation>
            <materials>
                <material id="buildingDefaultMaterial"/>
            </materials>
            <texture id="concreteTexture" length_s="1" length_t="1"/>
            <children>
                <primitiveref id="tent"/>
            </children>
        </component>
        <component id="tent3">
            <transformation>
                <translate x='-8' y='-4' z='14'/>
                <rotate axis="z" angle="60" />
                <rotate axis="y" angle="90" />
                <scale x='1.1' y='2' z='2'/>
            </transformation>
            <materials>
                <material id="buildingDefaultMaterial"/>
            </materials>
            <texture id="concreteTexture" length_s="1" length_t="1"/>
            <children>
                <primitiveref id="tent"/>
            </children>
        </component>
    </components>
</sxs>