<sxs>
    <scene root="demoRoot" axis_length="5"/>

    <views default="defaultCamera">
        <perspective id="defaultCamera" near="0.1" far="500" angle="45">
            <from x="30" y="15" z="30" />
            <to x="0" y="-2" z="0" />
        </perspective>
    </views>

    <ambient>
        <ambient r="0.2" g="0.2" b="0.2" a="1.0" />
        <background r="0.0" g="0.0" b="0.0" a="1.0" />
    </ambient>

    <lights>
        <spot id="sunSpot" enabled="1" angle="20" exponent="40">
            <location x="0" y="0" z="1" w="1" />
            <target x="0" y="0" z="0" />
            <ambient r="0.5" g="0.5" b="0.4" a="1.0" />
            <diffuse r="1" g="1" b="1" a="1.0" />
            <specular r="0" g="0" b="0" a="1.0" />
            <attenuation constant="0" linear="0.02" quadratic="0" />
        </spot>
    </lights>

    <textures>
        <texture id="demoTexture" file="scenes/images/vidral.jpg" />
    </textures>

    <materials>
        <material id="demoMaterial" shininess="10">
            <emission r="0.0" g="0.0" b="0.0" a="1.0" />
            <ambient r="1.0" g="0.0" b="0.0" a="1.0" />
            <diffuse r="1" g="0.0" b="0.0" a="1.0" />
            <specular r="0.6" g="0.0" b="0.0" a="1.0" />
        </material>
    </materials>

    <transformations>
        <transformation id="demoTransform">
            <scale x="5" y="1" z="5" />
            <rotate axis="x" angle="-45" />
            <rotate axis="z" angle="-45" />
        </transformation>
    </transformations>

    <primitives>
        <primitive id="demoRectangle">
            <rectangle x1="0" y1="0" x2="1" y2="1" />
        </primitive>
        <primitive id="quad">
            <rectangle x1="-0.5" y1="-0.5" x2="0.5" y2="0.5"  />
        </primitive>
    </primitives>

    <components>
        <component id="demoRoot">
            <transformation>
                <translate x="0" y="0" z="1" />
                <scale x="10" y="10" z="1" />
            </transformation>
            <materials>
                <material id="demoMaterial" />
            </materials>
            <texture id="demoTexture"/>
            <children>
                <primitiveref id="demoRectangle" />
            </children>
        </component>
    </components>
</sxs>